{"cameraMode":{"drawMode":0,"name":"Shaded","section":"Shading Mode"},"sceneLighting":false,"audioPlay":false,"sceneViewState":{"m_AlwaysRefresh":false,"showFog":true,"showSkybox":false,"showFlares":true,"showImageEffects":true,"showParticleSystems":true,"showVisualEffectGraphs":true,"m_FxEnabled":true},"in2DMode":false,"pivot":{"x":1.4889740943908692,"y":2.806797742843628,"z":5.3214826583862309},"rotation":{"x":-0.027526402845978738,"y":0.9644783735275269,"z":-0.23787488043308259,"w":-0.11159992963075638},"size":2.1399548053741457,"orthographic":false}